country_code,2003,2004,2005,2006,2007,2008,2009,2010,2011,2012,2013,2014,2015,2016,2017,2018,2019,2020,2021,2022
AFG,1458.0,1334.8,1790.4,1551.7,1915.3,1455.4,2040.7,2011.1,1659.9,2094.2,2127.7,2096.6,2206.4,2043.3,2091.4,2253.2,2184.7,2050.8,2099.0,2253.3
AGO,646.1,491.7,583.4,445.9,464.3,652.7,571.4,629.3,662.4,552.0,814.4,888.2,982.4,852.1,809.0,948.3,963.1,992.3,1000.1,1033.3
ALB,3185.7,3466.3,3462.1,3602.6,3728.4,4081.2,4315.3,4761.8,4750.7,4883.8,4949.8,4892.6,4873.8,4716.4,4813.0,4840.5,5038.2,5209.2,5144.7,5200.7
ARE,20927.8,20373.6,20215.2,20900.8,21428.6,22265.9,24716.6,18069.8,24064.3,12112.2,36761.9,14238.4,35291.3,33396.5,30801.8,20853.3,23842.3,18982.7,19809.2,23625.3
ARG,3308.7,3658.8,4075.8,3707.6,4294.0,4116.5,3249.3,4876.2,4596.3,4162.4,4795.6,4827.3,4779.1,5203.4,5404.6,4671.2,5474.5,5164.2,5193.0,5070.0
ARM,1567.1,2280.8,1938.7,1323.9,2592.6,2405.0,2250.3,2068.2,2789.0,2650.5,3072.5,3181.6,3132.1,3076.1,1975.1,2623.6,1690.6,2055.8,1287.2,2185.8
ATG,1571.4,1578.9,1597.4,1625.0,1601.4,1619.0,1590.2,1585.9,1597.4,1595.3,1593.1,1583.0,1579.6,1843.2,2030.7,2233.9,2369.3,3800.0,2094.1,3081.0
AUS,1020.7,2116.4,1694.6,2111.7,981.3,1332.7,1651.4,1661.5,2097.5,2231.6,1936.1,2137.9,2027.3,2075.2,2674.2,2035.6,1768.9,1650.5,2547.7,2880.4
AUT,5255.4,6495.5,6133.1,5721.8,5844.1,6807.3,6149.5,5903.1,7056.7,6002.9,5846.8,7046.7,6198.1,7246.4,6260.6,6145.8,6954.3,7386.4,7112.4,6895.5
AZE,2604.1,2588.8,2593.1,2599.3,2667.4,2741.5,2606.7,2020.6,2484.4,2659.7,2692.3,2343.6,3083.6,3005.1,2942.2,3013.7,3239.0,3227.3,3297.4,3162.9
BDI,1284.1,1328.1,1344.3,1277.0,1303.1,1281.8,1296.9,1231.7,1153.8,1107.5,1178.4,1332.4,1203.9,1482.5,1125.4,1322.8,1445.7,1278.7,1478.5,1483.5
BEL,8530.7,9184.9,8649.5,8373.3,8637.7,8885.8,9710.0,9348.1,9009.0,8666.3,9212.5,9435.4,9842.2,6984.8,9050.7,7983.1,8988.5,8430.6,7906.2,8603.5
BEN,1148.7,1146.0,1136.4,1190.5,1286.0,1158.7,1423.5,1200.6,1517.8,1373.2,1479.6,1460.3,1336.7,1455.9,1405.4,1428.5,1238.3,1432.8,1408.6,1361.5
BFA,996.3,940.7,1127.2,1203.9,936.1,1039.9,1002.0,1062.7,995.1,1203.0,1156.5,1225.8,1168.9,1136.8,1009.0,1152.3,1156.1,1261.7,1095.7,1204.1
BGD,3479.3,3439.4,3681.6,3761.4,4020.9,4102.5,4176.0,4288.3,4352.8,4395.8,4508.6,4540.9,4560.4,4601.0,4706.0,4790.2,4810.9,4901.8,4919.6,5005.3
BGR,2371.3,4077.8,3387.0,3572.5,2523.7,4094.3,3413.0,4031.0,4251.2,3671.8,4561.0,4860.7,4669.6,4817.8,5479.7,5561.7,5774.7,4373.4,5949.6,5151.2
BHS,3400.0,3550.0,3600.0,3800.0,4000.0,4761.9,6000.0,7533.3,7308.5,7340.4,7413.2,7516.2,8342.3,7709.5,7820.7,7862.8,7437.7,7445.5,7477.3,7424.3
BIH,2521.6,4433.5,4253.3,4290.8,3223.2,4427.1,4503.1,3853.0,3724.9,3000.6,4026.9,3977.4,3812.1,5191.7,3732.1,5487.9,5354.7,6050.7,4422.1,6912.7
BLR,2433.0,2986.1,2848.5,2550.5,2880.9,3549.7,3367.9,2808.3,3241.4,3479.1,3007.8,3720.5,3690.2,3207.3,3358.7,2723.9,3095.6,3539.9,3018.7,2971.1
BLZ,2851.8,2365.7,2869.5,2672.3,2939.5,2427.2,2686.5,3223.4,3155.5,3451.1,3615.6,3594.6,2897.8,3164.6,4229.1,4043.7,2946.5,3526.3,4289.5,4476.2
BOL,1963.3,1618.7,1927.0,2100.1,1763.3,2016.4,2346.0,2267.3,2045.3,2113.2,1717.9,1958.1,2280.2,2111.3,1845.6,2333.7,2030.1,2024.0,2523.0,1716.7
BRA,3385.4,3131.8,2882.6,3210.5,3553.1,3831.3,3532.1,4040.6,4037.5,4584.5,4826.4,4640.4,5000.6,4181.7,5209.6,4806.5,5321.4,5255.4,4477.4,4901.1
BRB,2630.0,2659.6,2736.8,2700.0,2666.7,2740.9,2827.1,2884.2,2987.6,3200.0,2833.3,2700.0,2695.6,2755.8,2815.6,2835.6,2787.6,2765.6,2759.3,2753.0
BRN,819.3,793.5,744.3,795.2,900.7,821.4,773.7,1000.0,1466.7,1375.0,1461.5,1615.4,2384.6,1714.3,1769.2,2000.0,2090.9,3000.0,2733.3,2800.0
BTN,1791.3,2995.2,2334.9,2199.7,1999.2,2741.5,2160.4,2469.1,2801.7,2944.2,3226.4,3254.9,3475.8,3373.4,3411.5,3416.5,3083.5,3435.2,3344.0,3448.9
BWA,1214.5,274.3,438.6,372.4,639.2,360.8,363.6,371.6,452.3,367.2,217.6,305.2,938.4,471.6,316.6,549.5,675.1,1033.8,1002.4,684.1
CAF,1009.5,1007.7,1018.2,989.7,951.2,946.8,948.4,907.7,965.7,942.0,910.9,896.0,884.1,875.1,871.5,863.8,859.3,713.0,807.2,830.0
CAN,2758.8,3141.9,3215.9,3046.3,2973.4,3391.7,3299.5,3501.1,3552.4,3456.3,4160.4,3647.0,3673.0,4239.1,4104.8,3914.7,4010.8,4091.9,3120.0,4078.7
CHE,5086.5,6732.5,6300.4,6165.0,6418.5,6413.1,6578.3,6093.9,6874.6,6464.3,5945.6,7044.6,6431.9,5154.6,6800.2,6332.3,6580.8,6978.0,5515.8,6083.6
CHL,5390.0,5657.5,5811.2,5998.3,5744.3,5844.4,5462.3,6815.4,6927.8,6229.6,6913.2,6128.4,7082.3,6858.2,6779.4,7144.3,7157.2,6245.8,6491.2,6113.9
CHN,4871.1,5186.8,5224.6,5313.4,5320.6,5549.7,5449.6,5527.5,5710.0,5828.7,5897.7,5896.3,5985.2,6018.6,6110.8,6122.0,6264.2,6295.8,6316.7,6379.6
CIV,1827.0,1853.9,1836.3,1827.9,1569.4,1735.0,1711.5,2270.5,1882.8,2079.8,2176.6,2206.9,2200.3,2219.8,2247.4,2254.4,2263.2,2180.7,2237.2,2291.5
CMR,1619.9,1563.2,1669.7,1700.3,1676.3,1678.5,1722.9,1648.7,1710.0,1591.5,1676.4,1630.4,1615.3,1578.1,1711.2,1809.6,3470.8,1736.5,1726.7,1693.9
COD,771.5,771.7,771.7,771.6,771.6,771.6,771.6,784.9,771.1,771.6,772.1,769.0,768.9,785.5,794.1,812.4,835.6,877.8,879.0,816.0
COG,780.7,776.4,770.6,777.8,764.1,771.4,791.4,785.0,794.3,809.8,830.9,832.8,833.5,845.6,860.4,870.8,889.0,886.8,887.4,887.3
COL,3621.8,3584.5,3643.3,3358.8,3599.2,3664.2,3611.3,3410.4,3351.5,3381.8,3277.8,3754.6,3893.5,3792.5,3856.0,4014.2,4167.0,4398.6,4280.2,4341.6
COM,973.6,921.7,1128.4,1248.9,1378.9,1596.4,1704.6,1953.8,1934.6,1918.3,1899.9,1877.5,1860.6,1843.6,1826.6,1800.2,1795.6,1782.0,1767.2,1752.1
CPV,379.2,385.2,243.2,218.0,158.8,233.8,230.8,220.0,177.8,196.2,182.3,34.3,276.5,178.0,0.1,22.7,23.2,15.7,16.3,11.5
CRI,3171.4,3059.4,3189.1,3759.0,3538.2,3814.3,3790.7,3199.2,3418.9,3621.5,3283.3,4497.5,3831.6,4026.1,3731.0,4210.1,4052.4,3357.1,4672.8,3575.2
CUB,3188.8,2921.5,2561.6,2782.8,2912.9,2674.2,2068.8,1937.2,2619.1,2803.2,2903.8,2813.7,2964.6,2939.3,2854.3,2876.5,2831.7,2572.3,2406.1,2354.2
CYP,2263.9,1677.9,1205.6,1219.7,1596.1,176.3,1823.8,1998.4,1954.4,2399.3,1688.0,291.0,2683.0,436.3,1802.7,1052.9,2656.3,2381.4,2063.5,2494.7
CZE,3940.8,5443.6,4741.6,4159.0,4522.0,5362.8,5073.9,4695.8,5592.6,4529.5,5309.3,6219.8,5880.6,6317.0,5497.5,5206.9,5653.2,6042.7,6113.0,5929.6
DEU,5764.5,7355.3,6723.2,6486.6,6182.9,7118.8,7201.4,6685.2,6458.3,6964.9,7318.0,8050.3,7497.8,7182.1,7269.9,6178.9,6952.0,7133.3,6998.1,7126.1
DJI,1666.7,1658.7,1500.0,1666.7,1738.2,1780.6,1816.7,1848.3,1879.3,2000.0,2000.0,1986.4,2007.6,1998.2,1998.7,1998.2,2024.7,2039.3,1973.9,2061.7
DMA,1333.3,1377.5,1357.1,1404.7,1448.3,1437.7,1436.8,1416.7,1400.0,1666.7,1666.7,1623.5,1604.0,1597.7,1601.7,1609.0,1630.0,1644.5,1655.5,1666.5
DNK,6096.6,6013.1,6153.4,5778.4,5675.8,6017.4,6779.0,5875.9,5886.5,6309.7,6316.6,6752.1,6884.7,6222.0,6916.5,4888.8,6928.9,6926.3,6355.0,7241.4
DOM,4000.8,3824.8,3808.6,4262.9,4368.1,4468.8,3954.3,4436.0,4605.6,3747.7,4031.5,4965.6,5109.8,5172.1,5174.7,5040.8,5087.2,5130.0,5232.0,5223.6
DZA,1470.3,1344.1,1500.8,1503.7,1253.5,1034.0,1653.9,1474.3,1643.3,1677.6,1813.1,1369.2,1400.2,1020.4,990.3,1952.0,1767.4,1520.4,1433.7,1610.4
ECU,2617.3,2922.2,2841.6,2830.0,3144.0,2980.3,2965.5,2723.1,2299.8,2914.6,2592.5,3216.0,3927.0,3362.1,3771.3,3552.6,3966.8,3530.9,4015.0,4050.3
EGY,7515.4,7556.2,7536.9,7500.2,7418.5,7452.2,7158.3,6504.3,7246.3,7269.0,7285.3,7085.0,7117.3,7251.5,7400.6,6776.0,6047.0,7166.1,7338.5,7418.5
ERI,261.0,275.3,758.2,798.5,938.5,252.2,500.1,511.7,649.1,689.4,669.8,666.4,642.4,639.7,642.2,638.9,640.3,640.5,639.9,640.2
ESP,3250.7,3750.1,2159.3,3028.2,3933.9,3573.5,2944.8,3291.5,3691.8,2842.5,4047.1,3248.5,3243.1,3877.8,2770.2,4205.5,3445.5,4501.5,4227.4,3307.4
EST,1921.7,2330.3,2694.4,2209.9,3009.1,2792.8,2760.5,2464.2,2598.9,3412.0,3135.6,3669.6,4381.6,2658.4,3967.3,2624.9,4458.6,4411.5,3502.4,4224.5
ETH,1123.3,1162.6,1361.4,1563.3,1441.0,1418.4,1647.1,1767.3,1876.6,1963.3,2102.0,2235.1,2344.9,2352.2,2539.4,2729.8,2831.8,2861.3,2891.7,2813.7
FIN,3178.0,3210.6,3422.9,3293.8,3654.7,3542.3,3760.4,3135.3,3521.7,3533.6,3689.5,3691.4,3613.9,3573.3,3957.9,3052.7,4257.5,3589.3,2777.3,3770.5
FJI,2338.9,2352.8,2349.2,2283.5,2652.4,2266.1,2819.0,2871.1,2821.3,2423.4,2999.5,4475.4,3001.0,3000.9,3000.9,3002.2,3353.3,3665.7,3887.2,4090.3
FRA,6125.3,7518.7,6965.4,6800.5,6520.6,7252.8,7412.4,7068.6,6919.3,7254.5,7084.8,7579.1,7590.5,5690.9,7306.7,6829.1,7491.9,6394.9,7171.3,6654.9
FSM,1243.5,1254.6,1272.2,1287.4,1192.9,1366.1,1421.4,1475.2,1528.1,1674.3,1673.8,1670.5,1678.1,1697.3,1722.4,1741.9,1704.5,1718.0,1719.0,1712.9
GAB,1538.1,1559.8,1569.9,1580.0,1667.1,1611.4,1589.1,1595.0,1596.1,1600.6,1600.4,1592.5,1591.7,1590.2,1587.6,1587.0,1587.5,1587.6,1587.6,1587.4
GBR,7032.8,7031.8,7196.5,7278.6,6632.3,7420.2,7029.6,6953.0,6984.7,6215.1,6631.6,7696.5,7980.9,7022.6,7229.0,6788.7,7946.0,6241.0,6966.8,7720.1
GEO,2136.9,2003.4,2011.6,1583.8,2114.5,2090.4,1907.8,1271.4,2201.3,2186.4,2200.6,2032.8,1959.4,2514.5,1976.2,2531.2,2536.5,2645.9,2748.8,2406.8
GHA,1396.4,1373.3,1432.3,1334.5,1317.0,1598.1,1659.8,1814.3,1594.2,1768.1,1688.8,1703.4,1830.3,1842.4,1930.7,2172.6,2346.2,2410.8,2360.5,2503.9
GIN,1484.8,1491.3,1495.6,1502.0,1514.0,1464.7,1484.3,1184.7,1226.0,1152.2,1189.6,1123.0,1122.4,1155.5,1165.4,1186.7,1257.9,1323.7,1344.9,1380.4
GMB,1207.7,1179.0,1047.4,1033.0,805.3,983.5,1058.1,1136.4,879.6,920.5,969.6,753.4,800.2,743.9,634.2,536.8,461.4,656.3,1056.8,929.6
GNB,1075.9,1164.0,1325.6,1412.6,1346.1,1490.3,1632.2,1723.8,1588.7,1512.1,1397.7,1394.8,1402.1,1414.4,1385.9,1397.3,1287.3,1343.2,1352.7,1455.9
GRC,3693.6,4017.4,4049.8,3918.9,3929.9,4515.8,4266.2,4064.9,4344.1,4206.7,4393.3,4286.5,4214.9,4223.5,4317.2,3799.6,4043.5,4197.1,4194.7,4142.6
GRD,999.6,1000.6,984.4,1000.0,1000.0,1005.6,1007.1,1008.4,1009.0,1028.6,1000.0,993.3,1002.1,998.3,997.2,996.5,996.0,995.5,994.8,994.1
GTM,2053.7,2117.1,2311.9,2514.1,2305.8,2010.6,1983.3,1996.6,2000.4,2036.7,2082.4,2092.4,2115.7,2152.3,2153.3,2153.3,2163.6,2186.4,2194.1,2207.9
GUY,4155.5,4216.6,3861.4,4523.0,4222.2,4161.5,4345.5,4165.4,4343.9,4465.4,4936.7,5210.7,5476.9,5395.5,5523.4,5696.2,5831.0,5633.5,5442.6,5940.7
HKG,1989.8,1989.8,1989.9,,1985.4,1975.2,2000.4,2000.4,2000.4,2000.4,2000.4,2030.6,2079.4,2095.7,2101.1,2109.0,2129.2,2059.9,2069.7,2079.6
HND,1533.4,1388.1,1506.5,1522.3,1682.7,1680.5,1727.2,1660.3,1711.5,1646.9,1667.9,1854.7,1821.3,1890.9,1865.7,1847.0,1856.1,1866.6,1870.7,1875.6
HRV,3601.0,5408.9,5592.8,5420.2,4558.1,6639.1,6109.8,5456.0,5220.0,4573.6,5444.9,6027.7,5695.0,6665.5,5704.8,7055.6,7157.3,6992.4,7012.9,5823.1
HTI,920.8,933.8,956.8,962.9,959.8,961.1,994.6,977.4,982.2,1077.0,1059.9,895.0,978.1,1012.3,894.6,709.9,1599.3,927.7,1054.8,1055.4
HUN,3038.9,5589.9,5526.6,5097.3,3492.0,5800.2,4715.2,4719.0,5105.1,3761.1,4831.5,5897.0,5243.4,6486.6,5835.5,6286.2,6365.8,6659.1,5920.0,4032.1
IDN,4248.1,4274.5,4311.3,4365.8,4413.9,4703.0,4808.7,4872.4,4891.3,5086.8,5087.0,5099.1,5313.8,5158.7,5122.3,5244.0,5196.7,5248.6,5331.0,5393.5
IND,2399.4,2350.0,2411.6,2446.5,2583.3,2637.9,2580.8,2676.4,2860.7,2963.5,2977.5,2966.4,2854.0,2995.1,3127.7,3278.1,3416.1,3383.4,3497.9,3566.6
IRL,7100.7,8077.9,6904.7,7465.2,7188.8,7644.9,6887.1,7456.3,8441.5,6741.2,7802.1,8471.4,9008.2,8222.8,8783.6,6839.5,8505.2,7124.8,8606.5,8701.5
IRN,2383.4,2417.1,2301.2,2391.8,2454.3,1720.9,1997.2,2173.5,1713.7,1745.4,1847.1,2051.5,2231.0,2653.3,2058.3,2053.8,1981.7,1653.0,1635.2,1827.0
IRQ,1209.8,1191.6,948.1,1329.2,1264.8,1403.5,1774.5,1697.1,1798.5,2318.9,2214.8,2048.1,2693.5,3075.3,2747.8,2675.8,2586.4,2582.3,2729.6,2902.1
ISL,,,,,,,,,,,,,3186.8,3212.6,3523.8,2600.0,3590.9,4858.0,3120.8,2966.7
ISR,3306.5,3066.7,2951.9,2398.5,2752.1,2438.8,3174.1,3037.6,3669.3,4299.5,4177.1,4910.1,4978.9,4834.9,3196.9,2461.7,3624.2,3834.1,3353.4,3201.2
ITA,4307.2,5444.4,5361.4,5316.1,5174.0,5353.0,5086.9,5322.5,5677.2,5315.1,5264.6,5717.5,5402.2,5599.0,5174.8,5350.8,5336.2,5626.5,5562.8,4750.0
JAM,1230.3,1185.4,1255.9,1228.9,1222.2,1294.2,1315.7,1266.9,1356.4,1282.8,1200.3,1138.7,1143.1,1090.1,1162.5,1148.5,1125.8,1114.3,1118.0,1163.0
JOR,1237.2,966.3,1087.7,748.6,710.4,698.4,858.9,1355.9,1555.0,1323.1,1446.9,1315.9,1115.3,1274.9,1309.6,1221.7,1354.3,1858.1,1532.0,1195.4
JPN,5451.0,5942.3,6154.0,5852.4,6062.1,6262.4,5919.5,5853.7,6010.6,6248.5,6281.5,6325.1,6316.7,6253.4,6284.5,6404.7,6546.7,6472.9,6787.3,6273.0
KAZ,1077.5,884.3,998.2,1170.9,1326.9,1011.3,1253.1,804.1,1688.6,865.0,1164.9,1172.7,1278.1,1347.7,1355.0,1366.0,1155.2,1287.7,1048.8,1377.2
KEN,1594.0,1805.7,1646.1,1646.4,1773.1,1417.5,1242.8,1710.1,1514.6,1744.8,1661.5,1583.4,1772.7,1383.1,1426.0,1709.2,1608.0,1842.6,1487.7,1448.5
KGZ,2774.2,2876.5,2677.9,2550.6,2512.9,2380.2,3034.2,2610.5,2603.1,2367.1,2904.0,2276.3,2999.0,3104.2,3093.4,3162.2,3233.9,3260.4,2334.9,3249.4
KHM,2160.6,2024.8,2508.7,2533.1,2677.3,2804.8,2938.6,3015.7,3021.5,3177.8,3213.4,3095.7,3088.8,3266.5,3438.6,3507.8,3415.2,3426.5,3565.6,3654.0
KOR,5786.9,6427.0,6302.3,6299.9,6035.3,6630.0,6745.3,6202.2,6292.7,6135.8,6479.2,6618.0,6814.9,6792.7,6678.5,6607.2,6538.2,6211.9,6826.1,6603.1
KWT,10253.4,6188.9,6423.2,8717.7,10498.9,9235.8,7977.4,10805.8,14171.5,13782.5,17975.1,21865.5,6542.5,5220.5,5656.2,10483.2,17625.4,15627.2,14434.6,13526.4
LAO,3116.7,3261.4,3577.2,3634.4,3837.3,4015.5,4170.1,3831.5,4043.3,4081.7,4195.6,4507.8,4608.2,4626.7,4497.7,4504.2,4317.6,3993.0,4158.2,4454.2
LBN,2372.0,2727.6,2703.1,2684.8,2189.7,2687.7,2618.9,2624.9,2763.2,2889.3,2981.4,3386.0,3268.6,3155.5,2898.5,2970.1,2940.6,3100.0,2178.2,2415.3
LBR,833.3,916.7,1290.0,1261.5,1448.8,1553.4,1183.5,1178.6,1173.1,1285.3,1250.1,1172.0,1129.1,1073.2,1059.5,1083.6,1128.2,1148.1,1051.9,1120.6
LBY,620.0,620.0,622.8,622.6,623.0,621.7,634.1,669.9,664.5,681.4,663.8,666.8,665.3,669.9,676.0,680.5,668.8,668.7,669.4,669.9
LKA,3282.6,3563.7,3467.2,3579.8,3727.9,3616.7,3790.6,3974.3,3520.8,3582.9,3833.5,3801.9,3946.6,3845.3,3054.6,3777.1,4737.4,4746.8,4557.2,3046.9
LSO,609.1,595.4,686.8,490.8,414.4,374.5,402.2,909.1,664.3,655.6,769.0,683.2,661.5,471.4,990.2,715.9,704.7,436.7,972.4,728.8
LTU,3037.0,3254.9,2940.2,1929.4,3007.1,3348.2,3449.6,2763.5,3029.9,4015.3,3687.8,3975.2,4564.6,3859.8,4230.2,3094.1,3801.6,4734.2,3937.2,4210.2
LUX,5678.0,6396.6,5634.8,5596.8,5202.9,6106.4,6202.1,5593.3,5193.2,5522.7,5967.4,5935.5,6027.1,4999.6,5339.5,5993.5,5972.6,5736.8,5593.3,6154.3
LVA,2176.0,2426.2,2802.9,2264.0,2941.6,3104.4,3075.3,2775.5,2738.0,3767.5,3373.8,3486.5,4513.1,3828.4,4250.2,3026.3,4310.1,4662.8,3900.2,4186.0
MAR,1432.9,1512.1,783.9,1652.1,516.4,1002.9,1919.4,1547.5,1614.4,1016.6,1828.3,1454.3,2140.7,936.0,1757.4,2263.2,1453.7,747.3,2329.0,943.3
MDA,2353.5,2832.0,2793.4,2550.2,2110.9,3221.6,2372.7,2734.0,2865.9,1357.1,2851.8,3162.3,2370.9,3197.3,3651.9,3683.2,3859.0,1893.6,4947.6,1910.6
MDG,2201.7,2353.2,2514.5,2565.3,2620.1,2811.3,3183.4,3271.6,3238.0,3289.2,3203.2,3010.1,3057.8,2852.1,2750.2,2645.1,2389.0,2468.9,2675.1,2793.4
MDV,1502.4,1970.1,1764.7,1928.6,1958.8,2078.8,2141.7,2247.1,2372.2,2494.2,2527.8,2309.0,2280.1,2467.8,2391.6,2469.0,2423.6,2423.9,2438.5,2435.9
MEX,2964.0,3078.6,3130.8,3213.3,3353.0,3452.3,3433.7,3501.2,3240.5,3453.4,3386.9,3581.9,3470.1,3748.8,3799.7,3826.3,3992.4,3806.5,3878.9,3981.3
MKD,2422.3,3596.7,3205.0,3243.5,2625.2,3536.9,3385.9,3329.6,3502.1,2839.3,3381.3,3900.0,3051.1,3859.2,2807.5,3714.6,3554.0,3664.2,3537.8,3472.1
MLI,981.4,1206.5,1089.5,1124.8,1101.2,1397.7,1800.4,1452.8,1046.8,1506.8,1512.4,1550.7,1575.5,1607.5,1601.9,1728.9,1767.7,1686.0,1441.2,1671.0
MLT,4013.6,4083.2,4129.0,4032.3,4238.8,4714.3,4789.2,4691.1,4670.9,4639.7,4668.6,4740.4,4824.3,4820.4,4879.9,,,,,
MMR,3286.0,3383.5,3493.7,3610.0,3723.5,3824.8,3839.0,3855.2,3643.4,3610.5,3646.1,3690.2,3710.9,3659.7,3671.5,3761.3,3714.3,3727.6,3743.6,3456.7
MNE,,,,2971.2,1992.4,3239.7,3347.9,3321.4,3305.7,2638.8,3770.5,3451.5,3146.5,3261.7,3288.0,3311.8,3166.8,3260.0,3193.4,3307.2
MNG,785.3,787.5,474.3,1098.0,942.5,1382.8,1551.8,1370.3,1487.2,1565.3,1319.8,1668.0,574.7,1279.6,843.7,1379.6,1271.9,1218.6,1420.0,1113.3
MOZ,819.2,774.2,428.4,692.4,581.4,533.5,884.3,1028.6,1041.0,1252.1,652.6,795.6,814.5,736.5,777.6,897.1,908.3,747.0,1035.9,1014.5
MRT,797.7,637.5,841.2,661.3,705.8,765.8,713.3,955.2,1374.5,1034.4,1197.0,1678.8,1265.9,1198.3,1865.4,1512.0,1346.2,1322.1,2054.8,1720.5
MUS,6555.6,6473.7,7539.7,7793.1,9453.7,7541.0,8000.0,6833.3,3901.8,3389.6,3219.1,3765.1,2695.9,3455.0,5234.8,5272.7,6880.0,8942.5,8640.6,9247.2
MWI,1209.0,1020.6,777.8,1444.7,2467.0,1598.7,2124.3,1906.9,2094.3,2087.1,2068.8,2218.1,1590.6,1347.4,1903.1,1531.2,1874.0,2004.4,2319.1,2008.9
MYS,3347.2,3314.9,3407.0,3383.6,3540.6,3599.2,3734.7,3659.9,3780.2,3866.7,3948.0,4652.0,4054.2,4013.2,3797.4,3816.8,3552.2,3706.4,3824.3,3749.6
NAM,301.5,418.3,465.6,620.5,481.3,495.5,364.8,405.0,427.5,431.1,458.7,226.1,370.7,261.5,426.3,502.5,965.1,549.3,494.0,649.0
NCL,4029.1,4012.8,3885.1,3956.0,4129.3,3820.9,3805.7,3923.5,3462.7,4610.9,4018.8,4800.1,4540.0,5713.9,6853.6,7574.8,7663.5,8569.0,8082.8,9589.9
NER,429.5,341.5,436.6,449.6,424.8,496.5,386.0,494.8,362.8,520.3,407.7,446.8,551.3,536.5,541.9,554.8,501.5,551.9,360.6,557.4
NGA,1308.8,1372.8,1421.7,1507.5,1399.8,1598.4,1531.1,1528.0,1334.4,1399.0,1234.7,1552.4,1552.7,1733.4,1614.7,1684.2,1628.2,1620.5,1619.2,1656.2
NIC,1860.2,1798.1,1778.7,1902.3,1822.5,1811.0,2076.7,2086.1,1994.8,1944.2,1763.2,1914.3,1940.4,1933.7,2104.1,2281.8,2248.8,2223.7,2403.1,2358.9
NLD,7956.8,8066.3,7879.7,7854.2,7289.7,8332.3,9032.9,8569.3,7800.8,8545.0,8630.1,9073.7,8752.8,7776.9,8794.5,7905.1,8654.2,7919.9,7872.3,8942.6
NOR,3940.7,4400.6,3992.9,3674.5,3855.0,4488.1,3446.3,4004.2,3436.9,3686.8,3374.3,4363.4,4803.0,4651.6,4561.4,2656.2,4709.8,4683.8,4183.7,4728.0
NPL,2287.4,2273.7,2282.4,2188.1,2323.0,2417.0,2272.8,2407.8,2626.0,2635.2,2678.9,2721.8,2647.9,2730.5,2840.7,3045.9,3106.0,3203.3,3063.2,3218.5
NZL,7059.9,6462.1,7566.2,7028.7,7916.4,7379.8,6909.9,7387.1,6953.2,8012.0,8105.6,8033.9,8026.6,8383.8,8464.4,8064.3,8205.3,9039.6,8812.0,8522.0
OMN,5066.8,4832.4,5019.1,4852.8,4868.3,4774.8,12179.6,9832.4,9423.9,9480.7,9047.3,7750.2,13982.3,12928.2,12960.6,13360.9,13436.1,18801.2,19211.2,24800.9
PAK,2320.6,2430.7,2615.8,2554.0,2743.9,2653.7,2789.7,2611.0,2953.4,2862.6,3001.3,3001.2,2942.4,3020.7,3180.4,3149.0,3160.6,3353.4,3489.4,3405.7
PAN,2694.6,2159.0,2483.9,2395.5,2599.5,2694.3,2596.4,2246.0,2560.1,2539.8,2826.8,2983.2,2437.5,2992.5,2955.7,3227.5,3300.7,3377.0,3515.4,3515.2
PER,3442.5,3278.0,3557.9,3520.5,3485.6,3833.2,3919.0,3897.9,3898.0,4149.6,4101.3,4017.0,4242.2,4370.1,4216.5,4530.8,4369.6,4557.2,4704.1,4634.6
PHL,2823.4,2992.3,3049.0,3180.8,3319.8,3334.3,3228.9,3231.9,3340.6,3492.6,3531.8,3637.4,3556.1,3529.0,3692.3,3670.5,3737.9,3769.4,3834.8,3821.6
PNG,3599.2,3620.4,3741.0,3716.7,3886.8,3967.6,4187.7,4343.9,4789.3,4191.0,4640.6,4726.4,4748.4,4642.9,4853.0,4805.4,4716.0,4793.6,4768.2,4751.8
POL,2865.4,3537.6,3233.1,2598.2,3249.5,3217.2,3475.1,3584.0,3430.4,3704.9,3804.4,4268.0,3727.8,4033.5,4199.6,3366.7,3605.3,4691.7,4562.5,4861.5
PRI,2018.7,2080.2,2171.0,2375.6,2468.6,2468.1,2610.2,2738.0,2868.7,2750.0,3159.9,2110.0,3010.5,2885.6,2888.1,3021.0,2995.3,2946.3,2968.8,3277.6
PRK,3250.3,3429.6,3367.8,3543.7,2921.5,3554.9,3364.4,3424.0,3586.3,3922.4,3979.6,4151.8,3654.0,4079.7,4015.9,3504.3,4372.2,3499.7,3461.4,3516.5
PRT,2643.2,2965.6,2114.0,3209.0,3415.7,3589.7,3289.9,3351.3,4088.4,4091.6,4336.4,4416.0,4606.9,4422.4,4759.7,4809.0,5176.5,4881.3,5379.7,5137.1
PRY,2323.5,2461.8,2167.9,2343.8,2698.8,2681.3,2357.4,3456.9,3481.8,3035.7,3683.2,3276.7,4148.9,4425.5,4446.5,4225.7,4601.1,4706.5,3823.1,4294.0
PSE,2053.6,1930.3,2094.1,1712.4,1749.5,1240.8,1214.2,1860.8,1580.6,1955.8,2182.7,2183.1,2110.5,2449.1,2187.1,2279.4,2180.3,2222.0,2251.9,2308.7
QAT,3706.4,4121.6,3649.2,3547.4,4155.2,4921.9,6323.6,7592.6,6049.8,6076.4,5719.0,6494.7,5845.8,4692.7,4996.4,8709.4,6594.9,7124.6,8431.1,9148.5
ROU,2534.9,3997.4,3334.2,3102.3,1645.2,3247.3,2824.8,3329.7,3993.0,2364.1,3863.2,4069.2,3543.9,3971.3,5227.7,5997.2,5457.5,3398.6,5187.8,3634.1
RUS,1777.4,1876.5,1852.7,1886.9,1989.8,2387.3,2280.6,1842.7,2260.3,1858.9,2241.0,2444.0,2391.7,2650.8,2967.1,2615.6,2713.5,2905.1,2705.4,3428.7
RWA,941.9,959.3,1183.6,1137.9,1015.0,1266.5,1734.1,1965.8,2089.4,2113.5,2129.0,1408.0,1428.8,1446.7,1387.1,1441.4,1443.2,1473.6,1519.0,1510.7
SAU,4228.9,4675.2,4753.2,5047.1,5121.8,5221.3,4874.4,5507.8,5483.3,5164.2,5359.8,5192.8,5582.8,5440.9,5630.9,5605.5,5295.4,4819.4,4727.5,5002.1
SDN,643.7,657.2,505.8,644.8,729.5,567.1,587.3,451.7,563.8,539.4,594.1,683.4,572.1,686.0,600.9,731.8,554.4,595.2,508.3,759.7
SEN,1090.7,974.5,1201.1,879.0,722.5,1174.2,1134.6,1196.5,966.9,1221.3,1124.1,1111.5,1376.1,1350.6,1476.2,1644.3,1601.3,1821.6,1854.7,1931.9
SLB,3207.6,3125.0,3000.0,3350.5,3001.1,2545.5,2272.7,2091.5,2248.5,2151.7,2039.0,1914.0,1879.7,1936.2,1873.3,1905.0,1909.0,1889.9,1899.8,1903.1
SLE,1011.8,1000.3,1117.8,1347.6,1290.4,1350.9,1645.9,1747.2,1751.1,1539.0,1777.5,1519.7,1339.7,1092.3,1141.7,813.0,1523.0,1633.7,1966.9,1877.4
SLV,2472.5,2486.1,2632.7,2802.9,2615.2,2905.3,2726.9,2726.0,2492.0,2782.2,2713.0,2485.7,2288.1,2745.5,2909.7,2379.7,2777.0,2732.0,2950.3,2659.3
SOM,688.0,581.1,650.9,493.7,605.8,557.5,416.4,575.2,457.2,1190.0,964.0,582.9,593.8,507.3,506.6,710.2,522.2,502.5,502.6,502.5
SRB,,,,4455.2,3232.6,4570.6,4601.1,4958.8,4751.4,3701.7,5157.8,5960.6,4787.3,6165.9,3967.9,6132.1,6127.3,6570.2,5769.9,4638.0
SSD,,,,,,,,,,705.2,765.6,1253.7,907.3,879.1,885.2,843.7,880.5,885.5,844.6,1055.7
STP,2131.1,2145.7,2223.9,2454.5,2307.7,2153.8,1538.5,1615.2,2099.5,2099.0,2096.0,2065.0,2033.2,2012.5,2002.3,2002.4,2024.4,2040.2,2042.7,2045.2
SUR,3693.8,3559.2,3597.7,4128.7,4252.7,4188.7,4208.9,4232.4,4132.7,4361.9,4495.8,4433.0,4529.6,4433.0,4879.0,4868.4,4555.3,4319.1,4638.3,4758.6
SVK,3136.0,4641.8,4511.8,3996.3,3561.2,5175.3,4331.5,3737.3,5009.0,3829.1,4490.4,6038.7,5079.6,6430.4,4856.0,5409.7,5336.0,6129.8,5976.8,4754.5
SVN,4011.5,5826.2,6006.9,5116.0,5341.3,5474.7,5268.3,5981.0,6373.8,5761.9,4615.5,6472.5,6283.9,6464.6,5540.0,6071.9,6503.1,7385.5,6864.8,5564.5
SWE,4584.5,4892.9,4932.3,4292.2,5150.8,4820.5,5078.9,4510.4,4712.9,5101.8,5123.5,5646.9,6053.6,5438.2,5992.3,3535.5,6292.1,5994.4,5064.7,6107.4
SWZ,1023.9,1246.5,1317.1,1423.1,567.6,1001.4,1289.5,1205.3,1343.6,1337.2,1367.3,1362.3,1259.7,1224.9,1240.4,1271.9,1284.4,1287.0,1432.4,1587.4
SYR,1999.0,1657.5,1711.4,2002.3,1622.4,896.7,1707.7,1231.9,1679.0,1643.5,1576.0,1063.1,1905.8,1108.9,1233.4,750.0,2203.9,1832.3,820.4,949.9
TCD,827.3,671.2,749.9,766.8,799.3,775.2,598.3,762.8,632.0,934.8,822.8,855.7,801.9,844.7,825.2,893.0,886.3,867.1,814.3,845.5
TGO,1154.7,1094.8,1132.6,1130.7,1121.6,1144.4,1242.9,1187.4,1226.3,1112.4,1090.1,1153.1,1236.2,1130.8,1137.2,1145.2,1143.0,1150.3,1149.5,1167.8
THA,2998.8,2961.0,3046.8,3009.5,3089.4,3063.5,2995.9,3071.3,3257.2,3256.6,3214.0,3141.1,2958.7,3064.5,3172.3,3151.7,3022.0,3013.9,3061.9,3092.5
TJK,2100.6,2150.4,2164.4,2158.7,2440.0,2141.0,3119.4,3117.2,2519.3,2891.1,3159.4,3189.4,3261.0,3348.7,3459.5,3404.4,3636.7,3482.6,3711.4,3265.8
TKM,2769.5,2931.6,2926.7,3288.4,1300.0,1100.0,1600.0,1700.0,1366.0,1490.8,1643.1,1738.3,1909.5,1880.2,1843.8,1496.8,2214.1,2191.4,2096.2,1874.6
TLS,1443.4,1562.7,1541.9,1503.4,1276.1,1442.7,2315.5,2451.4,2586.1,2089.9,2656.4,2923.1,2595.7,2567.9,2383.3,2503.6,2354.2,2658.5,1201.9,2046.1
TTO,1532.7,1573.3,1555.2,1478.4,1673.8,1724.5,1657.5,1667.4,1639.5,1471.7,1610.5,1329.4,1110.4,1444.3,1627.5,1688.1,1530.5,1522.7,1589.6,1637.6
TUN,1515.5,1309.6,1442.8,1256.1,1622.5,1467.3,1877.6,1694.1,1710.8,1674.3,1136.2,1805.8,1102.7,1541.2,1304.0,1223.4,1947.0,1324.5,1452.0,1640.8
TUR,2308.6,2477.9,2634.4,2661.9,2410.2,2601.3,2808.0,2727.1,2970.0,2958.3,3256.9,2831.5,3307.8,3105.4,3257.4,3163.9,3200.8,3341.5,2918.5,3464.7
TZA,858.1,1370.6,1101.6,1326.7,1427.3,1333.9,1110.4,1647.9,1390.4,1314.8,1418.0,1669.1,1617.2,1711.1,1692.0,1938.5,1883.7,1828.3,1747.1,1593.1
UGA,1677.6,1468.0,1573.8,1522.9,1526.0,1827.7,2038.6,1978.5,2056.9,2029.1,1997.5,2080.6,2086.8,2134.2,2287.7,2523.1,2841.5,3025.6,4345.3,2289.5
UKR,2278.4,2845.2,2623.0,2427.7,2206.7,3486.9,3003.8,2726.6,3753.7,3156.8,4030.8,4400.2,4140.9,4651.6,4311.3,4847.3,4975.8,4293.4,5454.6,4614.1
URY,3504.0,4409.7,4339.9,4493.5,4347.2,4324.6,3884.9,4176.4,4410.9,4070.5,3766.2,4351.8,4142.9,4766.7,5056.6,3941.1,5329.4,4964.3,5499.4,4344.6
USA,6023.7,6851.1,6450.7,6400.4,6704.4,6598.3,7226.2,6978.1,6803.5,5911.9,7300.9,7638.1,7430.1,8614.2,8281.3,8196.0,8005.5,8144.5,8252.2,8071.7
UZB,3522.4,3596.1,4042.1,4103.2,4396.9,4285.3,4553.1,4434.2,4414.5,4597.9,4746.4,4806.6,4835.2,4827.0,4298.2,4103.9,4537.1,4480.2,4734.3,4974.6
VCT,14825.0,14444.4,14418.6,13571.4,12181.8,12727.3,16750.0,18774.2,27640.0,25878.8,23958.3,24485.7,24218.8,24742.9,28225.0,27837.8,28125.0,29241.4,30400.2,31620.7
VEN,3210.6,3385.8,3353.8,3415.7,3594.4,3428.4,3171.6,3576.0,3461.1,3760.2,4007.3,4040.7,3505.7,3458.2,3122.7,2883.3,3132.6,4034.8,3505.1,3384.1
VNM,4506.7,4690.9,4726.2,4749.8,4846.2,4897.6,5080.3,5177.5,5381.2,5462.0,5425.5,5577.8,5601.2,5441.0,5434.4,5685.4,5715.8,5797.3,5947.1,5905.2
VUT,531.8,532.4,531.0,535.7,551.7,546.7,558.1,563.6,570.8,571.4,633.3,615.8,600.8,601.8,606.8,613.1,616.0,617.5,609.3,608.2
YEM,785.2,715.2,713.1,930.2,1019.5,939.1,995.2,1092.4,1022.5,1064.4,1008.2,962.7,784.2,687.0,699.0,682.8,864.9,1423.4,1524.8,871.4
ZAF,2536.8,2777.9,3309.6,3141.0,2790.3,4063.2,4405.5,4150.4,4017.0,4243.5,4043.0,4899.6,3348.4,3623.1,5331.8,4651.9,4101.8,5121.1,5151.1,4964.0
ZMB,1721.2,1825.3,1905.4,2145.9,2258.6,2188.0,2072.2,2540.9,2745.1,2708.8,2596.1,2774.9,3026.4,2432.2,2489.9,2168.1,2400.4,2481.6,2525.0,2457.4
ZWE,795.3,1205.9,653.8,934.2,806.7,309.7,452.4,733.4,587.4,695.7,668.5,831.4,557.5,435.1,1203.3,1254.2,749.7,1148.7,1545.3,1411.6
